{
  "dreamy": {
    "--bg-main": "#191932",
    "--bg-fade": "#000000"
  },
  "misty": {
    "--bg-main": "#2a2a2a",
    "--bg-fade": "#000000"
  },
  "cosmic": {
    "--bg-main": "#0b0033",
    "--bg-fade": "#000000"
  },
  "redlightbulbawareness": {
    "--bg-main": "rgb(1,0,0)",
    "--bg-fade": "#000000"
  },
  "hallwaysofpower": {
    "--bg-main": "#d3d3d3",
    "--bg-fade": "#000000",
    "soundtrack": "assets/audio/default.m4a",
    "backgroundImage": "assets/images/hallwaysofpower.jpg",
    "embeds": [
      {
        "label": "YouTube",
        "code": "<div class='sc-embed'><iframe src='https://www.youtube.com/embed/NsZmEWU8bhc?si=jVIU2VIkkB7pRu9o' title='YouTube video player' frameborder='0' allow='accelerometer; autoplay; clipboard-write; encrypted-media; gyroscope; picture-in-picture; web-share' referrerpolicy='strict-origin-when-cross-origin' allowfullscreen loading='lazy'></iframe></div>"
      },
      {
        "label": "SoundCloud",
        "code": "<div class='sc-embed'><iframe width='100%' height='600' scrolling='no' frameborder='no' allow='autoplay' src='https://w.soundcloud.com/player/?url=https%3A//api.soundcloud.com/playlists/soundcloud%253Aplaylists%253A2152176065&color=%23ff5500&auto_play=true&hide_related=false&show_comments=true&show_user=true&show_reposts=false&show_teaser=true&visual=true'></iframe><div style='font-size:10px;color:#cccccc;line-break:anywhere;word-break:normal;overflow:hidden;white-space:nowrap;text-overflow:ellipsis;font-family:Interstate,Lucida Grande,Lucida Sans Unicode,Lucida Sans,Garuda,Verdana,Tahoma,sans-serif;font-weight:100;'><a href='https://soundcloud.com/efi-1partybus' title='E.F.I._1 PARTYBUS Radio' target='_blank' style='color:#cccccc;text-decoration:none;'>E.F.I._1 PARTYBUS Radio</a> · <a href='https://soundcloud.com/efi-1partybus/sets/hippie-keyboard-vocals' title='HIPPIE KEYBOARD &amp; VOCALS' target='_blank' style='color:#cccccc;text-decoration:none;'>HIPPIE KEYBOARD &amp; VOCALS</a></div></div>"
      },
      {
        "label": "General Purpose",
        "code": "<a href='https://www.TinyURL.com/SATLD' target='_blank' rel='noopener noreferrer'>Saturday at the Livedocks</a>"
      }
    ]
  },
  "forest": {
    "--bg-main": "#000000",
    "--bg-fade": "#000000"
  }
}